Date,Production_centrales_hydrauliques,Production_centrales_nucleaires,Production_centrale_thermiques_classiques,Consommation_pompage_accumulation,Production_nette,Importation,Exportation,Consommation_du_pays,Pertes,Consommation_Finale,Solde_Import-Export
2000-01,2895,2354,238,72,5415,2580,2521,5474,346,5128,59
2000-02,2475,2213,232,40,4880,2478,2337,5021,353,4668,141
2000-03,2532,2355,229,44,5072,2608,2596,5084,347,4737,12
2000-04,2264,2278,218,139,4621,2181,2375,4427,334,4093,-194
2000-05,3980,2307,197,228,6256,1212,3034,4434,315,4119,-1822
2000-06,4079,2133,193,305,6100,1023,2950,4173,278,3895,-1927
2000-07,3799,1285,176,248,5012,1725,2595,4142,310,3832,-870
2000-08,3727,1024,185,275,4661,1660,2092,4229,312,3917,-432
2000-09,2825,1979,213,219,4798,2129,2558,4369,304,4065,-429
2000-10,3424,2341,218,158,5825,2035,3073,4787,348,4439,-1038
2000-11,3174,2297,214,122,5563,2084,2614,5033,339,4694,-530
2000-12,2677,2383,235,124,5171,2615,2655,5131,345,4786,-40
2001-01,3051,2356,246,87,5566,2686,2738,5514,349,5165,-52
2001-02,2895,2136,228,66,5193,2245,2483,4955,348,4607,-238
2001-03,3132,2375,236,114,5629,2326,2729,5226,357,4869,-403
2001-04,2874,2298,223,106,5289,1851,2425,4715,356,4359,-574
2001-05,4163,2336,212,255,6456,1092,3047,4501,320,4181,-1955
2001-06,4442,2111,202,312,6443,963,3120,4286,285,4001,-2157
2001-07,5145,1468,208,287,6534,1070,3317,4287,321,3966,-2247
2001-08,5076,1130,165,239,6132,956,2766,4322,319,4003,-1810
2001-09,3292,2051,211,139,5415,1986,2892,4509,314,4195,-906
2001-10,2979,2348,229,128,5428,2412,3100,4740,344,4396,-688
2001-11,2708,2297,227,96,5136,2946,2849,5233,352,4881,97
2001-12,2504,2387,233,118,5006,3563,3074,5495,369,5126,489
2002-01,2344,2384,271,102,4897,3721,2850,5768,365,5403,871
2002-02,1897,2143,249,84,4205,3231,2486,4950,348,4602,745
2002-03,2223,2377,251,117,4734,2886,2530,5090,348,4742,356
2002-04,2328,2233,232,126,4667,2625,2568,4724,357,4367,57
2002-05,3486,2256,227,214,5755,1743,2943,4555,324,4231,-1200
2002-06,4290,1658,215,359,5804,1404,2837,4371,291,4080,-1433
2002-07,4282,1809,217,310,5998,1605,3282,4321,324,3997,-1677
2002-08,3892,1439,214,274,5271,1432,2389,4314,318,3996,-957
2002-09,3136,2277,186,271,5328,1919,2711,4536,316,4220,-792
2002-10,2478,2394,231,180,4923,2641,2573,4991,362,4629,68
2002-11,3199,2309,250,184,5574,1944,2400,5118,344,4774,-456
2002-12,2958,2413,263,197,5437,2649,2739,5347,359,4988,-90
2003-01,3195,2390,275,135,5725,2857,2860,5722,362,5360,-3
2003-02,3028,2167,255,139,5311,2722,2652,5381,378,5003,70
2003-03,2388,2392,262,219,4823,3278,2884,5217,357,4860,394
2003-04,2376,2313,245,204,4730,2881,2882,4729,358,4371,-1
2003-05,3682,2269,227,306,5872,1545,2958,4459,317,4142,-1413
2003-06,4312,1647,226,383,5802,1705,3005,4502,300,4202,-1300
2003-07,4079,2190,241,317,6193,1644,3404,4433,332,4101,-1760
2003-08,3986,1193,224,361,5042,2002,2609,4435,327,4108,-607
2003-09,2632,2251,228,257,4854,2359,2659,4554,317,4237,-300
2003-10,2605,2400,218,159,5064,2700,2658,5106,370,4736,42
2003-11,2080,2327,242,184,4465,3016,2281,5200,350,4850,735
2003-12,2082,2392,247,229,4492,3375,2344,5523,371,5152,1031
2004-01,2426,2413,270,122,4987,3248,2462,5773,365,5408,786
2004-02,2102,2252,261,90,4525,2983,2175,5333,375,4958,808
2004-03,2585,2401,269,69,5186,2661,2307,5540,379,5161,354
2004-04,2093,2316,236,120,4525,2283,2032,4776,362,4414,251
2004-05,3126,2249,237,246,5366,1541,2261,4646,330,4316,-720
2004-06,4034,1554,238,308,5518,1334,2318,4534,302,4232,-984
2004-07,4003,2212,235,363,6087,1184,2825,4446,333,4113,-1641
2004-08,3753,1331,224,338,4970,1578,2038,4510,332,4178,-460
2004-09,3167,1652,235,235,4819,2164,2338,4645,323,4322,-174
2004-10,2622,2311,244,216,4961,2295,2232,5024,364,4660,63
2004-11,2751,2329,250,158,5172,2681,2470,5383,363,5020,211
2004-12,2455,2412,275,168,4974,3104,2301,5777,388,5389,803
2005-01,2370,2414,283,69,4998,3644,2730,5912,374,5538,914
2005-02,2753,2179,277,53,5156,3361,2987,5530,389,5141,374
2005-03,2606,2292,261,145,5014,3447,2954,5507,377,5130,493
2005-04,2506,1480,243,150,4079,3620,2756,4943,375,4568,864
2005-05,3242,1246,247,258,4477,2930,2724,4683,333,4350,206
2005-06,3751,754,246,329,4422,2797,2572,4647,310,4337,225
2005-07,3339,1334,256,401,4528,2888,2854,4562,342,4220,34
2005-08,3134,1051,254,319,4120,2805,2356,4569,337,4232,449
2005-09,2807,2102,242,274,4877,2432,2548,4761,331,4430,-116
2005-10,2157,2406,266,249,4580,3301,2807,5074,368,4706,494
2005-11,2144,2336,265,176,4569,3353,2470,5452,368,5084,883
2005-12,1950,2426,299,208,4467,3768,2238,5997,403,5594,1530
2006-01,1974,2424,310,204,4504,3418,1774,6148,388,5760,1644
2006-02,1971,2186,315,152,4320,3068,1852,5536,390,5146,1216
2006-03,2152,2417,307,136,4740,3209,2045,5904,405,5499,1164
2006-04,2202,2331,261,168,4626,2805,2528,4903,372,4531,277
2006-05,3257,2376,264,301,5596,1939,2744,4791,341,4450,-805
2006-06,3487,1559,252,343,4955,2376,2678,4653,311,4342,-302
2006-07,3923,2073,266,379,5883,1868,3121,4630,347,4283,-1253
2006-08,3095,1510,273,317,4561,2298,2263,4596,339,4257,35
2006-09,3121,2234,263,227,5391,2335,2936,4790,333,4457,-601
2006-10,2673,2388,259,184,5136,3111,3193,5054,367,4687,-82
2006-11,2380,2327,291,148,4850,3424,2882,5392,364,5028,542
2006-12,2322,2419,279,161,4859,3952,3084,5727,385,5342,868
2007-01,2293,2413,297,158,4845,4115,3187,5773,364,5409,928
2007-02,2190,2174,278,112,4530,3550,2843,5237,369,4868,707
2007-03,2391,2302,291,108,4876,3932,3246,5562,382,5180,686
2007-04,2320,2313,274,190,4717,3184,3199,4702,357,4345,-15
2007-05,3160,2365,248,214,5559,2275,3048,4786,341,4445,-773
2007-06,4370,1799,243,262,6150,1717,3186,4681,313,4368,-1469
2007-07,4532,2271,262,227,6838,1530,3733,4635,348,4287,-2203
2007-08,4280,1378,234,208,5684,1896,2892,4688,346,4342,-996
2007-09,3153,2179,250,191,5391,2440,3031,4800,334,4466,-591
2007-10,2911,2398,263,135,5437,2959,3130,5266,382,4884,-171
2007-11,2410,2334,286,139,4891,3355,2536,5710,385,5325,819
2007-12,2363,2418,273,160,4894,3865,2849,5910,397,5513,1016
2008-01,2379,2409,279,163,4904,3803,2726,5981,377,5604,1077
2008-02,2243,2252,272,125,4642,3474,2586,5530,389,5141,888
2008-03,2273,2401,280,142,4812,3451,2651,5612,385,5227,800
2008-04,2301,2320,272,203,4690,2930,2354,5266,400,4866,576
2008-05,3554,2332,255,314,5827,1990,2964,4853,346,4507,-974
2008-06,4500,1460,269,307,5922,1496,2643,4775,320,4455,-1147
2008-07,4356,2295,276,330,6597,1365,3248,4714,354,4360,-1883
2008-08,3976,1253,275,312,5192,1970,2465,4697,346,4351,-495
2008-09,4288,2256,267,205,6606,1551,3208,4949,345,4604,-1657
2008-10,2574,2392,275,230,5011,2903,2622,5292,384,4908,281
2008-11,2660,2338,273,166,5105,3022,2577,5550,374,5176,445
2008-12,2455,2424,283,188,4974,3646,2692,5928,398,5530,954
2009-01,2675,2426,284,117,5268,3622,2640,6250,394,5856,982
2009-02,2226,2184,262,137,4535,3410,2426,5519,388,5131,984
2009-03,2389,2414,273,184,4892,3328,2602,5618,386,5232,726
2009-04,2899,2324,264,176,5311,2070,2705,4676,355,4321,-635
2009-05,3890,2365,260,283,6232,1453,3050,4635,331,4304,-1597
2009-06,4354,1725,257,245,6091,1703,3239,4555,305,4250,-1536
2009-07,4703,2267,266,319,6917,1388,3699,4606,346,4260,-2311
2009-08,4451,1213,258,289,5633,1790,2792,4631,341,4290,-1002
2009-09,2916,2056,271,221,5022,2601,2863,4760,332,4428,-262
2009-10,2356,2403,272,200,4831,2978,2607,5202,378,4824,371
2009-11,1976,2320,285,151,4430,3319,2321,5428,366,5062,998
2009-12,2301,2422,287,201,4809,3706,2581,5934,398,5536,1125
2010-01,2805,2423,326,137,5417,3394,2567,6244,394,5850,827
2010-02,2402,2187,306,107,4788,3344,2508,5624,395,5229,836
2010-03,2319,2412,305,150,4886,3735,2756,5865,403,5462,979
2010-04,2116,2326,296,161,4577,2977,2560,4994,379,4615,417
2010-05,3384,2203,306,249,5644,2030,2729,4945,353,4592,-699
2010-06,4328,1562,296,372,5814,1833,2864,4783,320,4463,-1031
2010-07,4227,2129,307,361,6302,1971,3506,4767,358,4409,-1535
2010-08,3985,1246,303,296,5238,2093,2556,4775,352,4423,-463
2010-09,3216,1494,270,163,4817,2628,2542,4903,342,4561,86
2010-10,2805,2428,300,169,5364,3066,3031,5399,392,5007,35
2010-11,2694,2350,292,183,5153,3163,2633,5683,383,5300,530
2010-12,3169,2445,290,146,5758,3167,2629,6296,422,5874,538
2011-01,2652,2435,321,144,5264,3682,2733,6213,392,5821,949
2011-02,2228,2177,311,99,4617,3733,2743,5607,394,5213,990
2011-03,2032,2426,321,167,4612,3726,2526,5812,399,5413,1200
2011-04,2142,2321,291,189,4565,2758,2494,4829,366,4463,264
2011-05,2795,2397,264,238,5218,2143,2421,4940,353,4587,-278
2011-06,3392,1561,257,332,4878,2265,2489,4654,312,4342,-224
2011-07,3663,2057,310,376,5654,2124,3135,4643,349,4294,-1011
2011-08,3518,1151,285,315,4639,2181,2098,4722,348,4374,83
2011-09,3539,1835,269,195,5448,1852,2495,4805,335,4470,-643
2011-10,2772,2397,286,122,5333,3028,3135,5226,379,4847,-107
2011-11,2535,2361,300,120,5076,3532,2988,5620,378,5242,544
2011-12,2527,2442,311,169,5111,3800,2980,5931,398,5533,820
2012-01,2796,2437,310,133,5410,3616,2900,6126,386,5740,716
2012-02,2835,2276,309,92,5328,3585,2661,6252,440,5812,924
2012-03,2148,2357,349,157,4697,3777,2883,5591,384,5207,894
2012-04,2445,2222,297,174,4790,2749,2507,5032,381,4651,242
2012-05,3771,2291,326,227,6161,1537,2906,4792,343,4449,-1369
2012-06,4486,1508,293,360,5927,1680,2948,4659,313,4346,-1268
2012-07,4560,2236,320,317,6799,1269,3434,4634,348,4286,-2165
2012-08,4244,1351,309,288,5616,1498,2406,4708,347,4361,-908
2012-09,3426,1296,287,185,4824,2540,2621,4743,331,4412,-81
2012-10,3414,1567,295,141,5135,3280,3121,5294,384,4910,159
2012-11,2865,2362,344,147,5424,3041,2884,5581,376,5205,157
2012-12,2916,2442,329,190,5497,2977,2478,5996,402,5594,499
2013-01,3112,2421,343,101,5775,3240,2834,6181,389,5792,406
2013-02,3003,2214,342,69,5490,3271,2922,5839,411,5428,349
2013-03,2333,2437,369,87,5052,3268,2399,5921,408,5513,869
2013-04,2419,2352,341,124,4988,2362,2182,5168,391,4777,180
2013-05,4038,1713,332,146,5937,1826,2837,4926,353,4573,-1011
2013-06,3983,1555,300,253,5585,1691,2566,4710,316,4394,-875
2013-07,4416,1817,314,308,6239,1601,3146,4694,352,4342,-1545
2013-08,4035,1710,294,272,5767,1540,2646,4661,344,4317,-1106
2013-09,3097,1328,280,245,4460,2345,2048,4757,332,4425,297
2013-10,2953,2454,299,199,5507,2536,2823,5220,379,4841,-287
2013-11,3297,2394,318,138,5871,2862,3052,5681,382,5299,-190
2013-12,2886,2476,337,190,5509,3332,2815,6026,404,5622,517
2014-01,2509,2469,326,154,5150,3525,2636,6039,380,5659,889
2014-02,2518,2233,304,122,4933,3360,2816,5477,386,5091,544
2014-03,2776,2459,378,126,5487,3248,3151,5584,385,5199,97
2014-04,2932,2257,319,140,5368,1818,2344,4842,366,4476,-526
2014-05,3525,2449,318,226,6066,1531,2730,4867,349,4518,-1199
2014-06,3975,1659,309,337,5606,1596,2657,4545,305,4240,-1061
2014-07,4430,2122,337,313,6576,1480,3409,4647,348,4299,-1929
2014-08,4134,1466,315,331,5584,1532,2539,4577,338,4239,-1007
2014-09,3174,1956,309,227,5212,2064,2500,4776,333,4443,-436
2014-10,2963,2441,344,143,5605,2614,3046,5173,376,4797,-432
2014-11,3246,2385,332,119,5844,2708,3161,5391,362,5029,-453
2014-12,3126,2474,364,117,5847,3054,3032,5869,393,5476,22
2015-01,3110,2430,367,79,5828,3799,3437,6190,390,5800,362
2015-02,2884,2235,370,70,5419,3432,3045,5806,409,5397,387
2015-03,2500,2299,363,122,5040,3381,2742,5679,392,5287,639
2015-04,2704,2010,334,136,4912,2624,2592,4944,374,4570,32
2015-05,4078,2172,349,278,6321,1176,2747,4750,340,4410,-1571
2015-06,4585,1494,335,284,6130,1475,2987,4618,310,4308,-1512
2015-07,4314,1899,359,325,6247,1848,3406,4689,351,4338,-1558
2015-08,3517,1032,344,329,4564,2229,2152,4641,342,4299,77
2015-09,3241,1261,331,246,4587,2683,2446,4824,337,4487,237
2015-10,3278,1478,387,134,5009,3377,3104,5282,384,4898,273
2015-11,2825,1800,416,101,4940,3815,3321,5434,365,5069,494
2015-12,2450,1985,421,192,4664,4194,3089,5769,386,5383,1105
2016-01,2236,2200,431,214,4653,4110,2728,6035,380,5655,1382
2016-02,2401,2056,452,124,4785,3817,2924,5678,400,5278,893
2016-03,2356,2195,468,166,4853,3853,2953,5753,397,5356,900
2016-04,2931,2115,416,195,5267,2299,2543,5023,380,4643,-244
2016-05,3396,2162,384,284,5658,1608,2449,4817,345,4472,-841
2016-06,4545,1508,370,317,6106,1326,2819,4613,309,4304,-1493
2016-07,4228,2061,391,385,6295,1728,3489,4534,339,4195,-1761
2016-08,3608,973,405,344,4642,2405,2480,4567,337,4230,-75
2016-09,3189,1143,416,255,4493,2662,2500,4655,325,4330,162
2016-10,2304,1280,431,257,3758,3142,1644,5256,382,4874,1498
2016-11,2328,1250,448,223,3803,3671,1834,5640,379,5261,1837
2016-12,2804,1292,443,158,4381,3475,1810,6046,405,5641,1665
2017-01,3199,1293,437,199,4730,3832,2002,6560,413,6147,1830
2017-02,1725,1369,465,246,3313,4100,1939,5474,386,5088,2161
2017-03,2404,2129,522,289,4766,3632,2869,5529,382,5147,763
2017-04,2323,2059,434,240,4576,2401,2145,4832,366,4466,256
2017-05,3245,2101,449,372,5423,1953,2520,4856,348,4508,-567
2017-06,4222,1360,452,475,5559,1808,2759,4608,309,4299,-951
2017-07,3829,2017,433,482,5797,2078,3300,4575,342,4233,-1222
2017-08,3927,1706,415,453,5595,1825,2730,4690,346,4344,-905
2017-09,3155,1340,411,362,4544,2564,2313,4795,335,4460,251
2017-10,2567,1287,421,366,3909,3831,2626,5114,372,4742,1205
2017-11,3081,1252,425,354,4404,4022,2701,5725,385,5340,1321
2017-12,2989,1586,458,322,4711,4450,3042,6119,410,5709,1408
2018-01,2713,2060,447,261,4959,3734,2782,5911,372,5539,952
2018-02,3006,1867,450,161,5162,3788,3202,5748,406,5342,586
2018-03,2343,2148,427,281,4637,3708,2462,5883,406,5477,1246
2018-04,2699,2244,482,413,5012,2166,2457,4721,358,4363,-291
2018-05,4368,2300,501,462,6707,1075,3042,4740,340,4400,-1967
2018-06,4595,1633,534,456,6306,1118,2788,4636,311,4325,-1670
2018-07,3946,2175,504,317,6308,1614,3333,4589,343,4246,-1719
2018-08,3540,2088,484,356,5756,1548,2736,4568,337,4231,-1188
2018-09,2664,1736,493,404,4489,2168,2039,4618,323,4295,129
2018-10,2417,1553,477,235,4212,3679,2731,5160,375,4785,948
2018-11,2500,2241,451,307,4885,2926,2263,5548,373,5175,663
2018-12,2637,2369,466,334,5138,3496,2772,5862,393,5469,724
2019-01,3047,2373,463,220,5663,3520,2953,6230,392,5838,567
2019-02,2216,2088,495,200,4599,3404,2531,5472,386,5086,873
2019-03,2249,2375,492,334,4782,3340,2562,5560,384,5176,778
2019-04,2699,2259,442,313,5087,2248,2430,4905,372,4533,-182
2019-05,3139,2038,538,384,5331,2055,2419,4967,356,4611,-364
2019-06,4809,919,564,601,5691,1724,2913,4502,302,4200,-1189
2019-07,5074,2047,574,428,7267,1210,3943,4534,339,4195,-2733
2019-08,4819,1954,525,338,6960,1185,3691,4454,329,4125,-2506
2019-09,3057,2163,502,386,5336,2154,2886,4604,322,4282,-732
2019-10,3268,2441,488,394,5803,2765,3480,5088,370,4718,-715
2019-11,3153,2373,477,248,5755,2876,3144,5487,369,5118,-268
2019-12,3026,2250,498,287,5487,3024,2813,5698,382,5316,211
2020-01,3219,2187,498,206,5698,3259,3076,5881,370,5511,183
2020-02,2736,2047,531,232,5082,3232,2973,5341,377,4964,259
2020-03,3005,2185,542,300,5432,2570,2709,5293,366,4927,-139
2020-04,2778,1974,519,429,4842,1764,2285,4321,328,3993,-521
2020-05,3671,1944,554,600,5569,1607,2696,4480,321,4159,-1089
2020-06,4181,1476,546,487,5716,1254,2522,4448,298,4150,-1268
2020-07,4393,1249,618,414,5846,1587,2990,4443,332,4111,-1403
2020-08,3889,1626,557,508,5564,1482,2574,4472,330,4142,-1092
2020-09,3364,2067,555,385,5601,1582,2547,4636,324,4312,-965
2020-10,3431,2164,481,425,5651,2422,2837,5236,381,4855,-415
2020-11,3010,2103,473,203,5383,2877,2839,5421,365,5056,38
2020-12,2939,1968,443,270,5080,3352,2500,5932,398,5534,852
2021-01,3273,2147,401,274,5547,3258,2648,6157,387,5770,610
2021-02,2772,1946,451,212,4957,2876,2508,5325,376,4949,368
2021-03,2696,2174,540,204,5206,2954,2592,5568,385,5183,362
2021-04,2287,2104,612,322,4681,2330,2042,4969,377,4592,288
2021-05,3250,1576,605,506,4925,1950,2001,4874,349,4525,-51
2021-06,4792,629,632,411,5642,1675,2718,4599,308,4291,-1043
2021-07,4947,1258,433,433,6205,1730,3394,4541,339,4202,-1664
2021-08,4463,1040,594,404,5693,1958,3067,4584,338,4246,-1109
2021-09,3103,1119,529,325,4426,2531,2247,4710,329,4381,284
2021-10,2402,1277,513,327,3865,3457,2102,5220,380,4840,1355
2021-11,2877,1227,422,309,4217,3433,1871,5779,389,5390,1562
2021-12,2638,2033,453,418,4706,3380,1929,6157,413,5744,1451
2022-01,2689,2205,468,317,5045,3395,2271,6169,388,5781,1124
2022-02,2019,1989,484,303,4189,3631,2346,5474,386,5088,1285
2022-03,2076,2191,588,292,4563,3566,2522,5607,388,5219,1044
2022-04,2384,2104,626,374,4740,2495,2251,4984,378,4606,244
2022-05,3448,1644,686,423,5355,2062,2645,4772,342,4430,-583
2022-06,3787,746,693,451,4775,2238,2373,4640,311,4329,-135
2022-07,3671,1706,636,624,5389,2228,3130,4487,335,4152,-902
2022-08,3233,1966,627,597,5229,1960,2623,4566,337,4229,-663
2022-09,2730,2071,586,504,4883,2338,2521,4700,328,4372,-183
2022-10,2655,2170,550,604,4771,2539,2502,4808,350,4458,37
2022-11,2159,2121,509,485,4304,3382,2410,5276,355,4921,972
2022-12,2650,2200,437,593,4694,3283,2140,5837,392,5445,1143
2023-01,3078,2202,439,385,5334,3396,2826,5904,371,5533,570
2023-02,2421,1983,508,303,4609,3320,2674,5255,371,4884,646
2023-03,2735,2191,594,355,5165,2684,2410,5439,376,5063,274
2023-04,2391,2119,702,417,4795,2423,2344,4874,370,4504,79
2023-05,3800,1021,829,510,5140,1962,2459,4643,333,4310,-497
2023-06,4216,1337,890,509,5934,1484,2894,4524,303,4221,-1410
2023-07,4057,2124,794,653,6322,1545,3497,4370,326,4044,-1952
2023-08,4054,1884,767,493,6212,1393,3021,4584,338,4246,-1628
2023-09,3865,1961,750,465,6111,1387,2962,4536,317,4219,-1575
2023-10,3185,2180,645,414,5596,2234,2931,4899,356,4543,-697
2023-11,3727,2126,538,354,6037,2525,3043,5519,371,5148,-518
2023-12,3251,2206,484,517,5424,3109,2795,5738,385,5353,314
2024-01,3893,2204,453,326,6550,2966,3209,5981,376,5605,-243
